datetime,number of USJ tweets per hour
2014/6/17 15:38,3
2014/6/17 16:48,1
2014/6/17 17:13,3
2014/6/17 18:00,9
2014/6/17 19:07,1
2014/6/17 20:06,11
2014/6/17 21:01,13
2014/6/17 22:02,9
2014/6/17 23:04,9
2014/6/18 0:16,5
2014/6/18 1:07,9
2014/6/18 2:22,1
2014/6/18 4:09,3
2014/6/18 5:24,2
2014/6/18 6:37,3
2014/6/18 7:11,5
2014/6/18 8:14,3
2014/6/18 9:15,2
2014/6/18 10:14,3
2014/6/18 11:00,8
2014/6/18 12:06,8
2014/6/18 13:01,6
2014/6/18 14:15,3
2014/6/18 15:01,7
2014/6/18 16:03,9
2014/6/18 17:14,8
2014/6/18 18:08,11
2014/6/18 19:18,6
2014/6/18 20:02,5
2014/6/18 21:08,16
2014/6/18 22:16,10
2014/6/18 23:11,8
2014/6/19 0:04,6
2014/6/19 1:00,7
2014/6/19 2:05,6
2014/6/19 3:08,2
2014/6/19 4:52,1
2014/6/19 6:11,2
2014/6/19 7:01,5
2014/6/19 8:01,6
2014/6/19 9:19,4
2014/6/19 10:09,2
2014/6/19 11:03,10
2014/6/19 12:02,7
2014/6/19 13:06,4
2014/6/19 14:00,3
2014/6/19 15:02,4
2014/6/19 16:10,6
2014/6/19 17:14,11
2014/6/19 18:04,9
2014/6/19 19:01,15
2014/6/19 20:30,4
2014/6/19 21:00,18
2014/6/19 22:00,28
2014/6/19 23:06,12
2014/6/20 0:00,15
2014/6/20 1:16,3
2014/6/20 2:01,2
2014/6/20 3:06,5
2014/6/20 4:16,2
2014/6/20 5:10,3
2014/6/20 6:25,1
2014/6/20 7:00,4
2014/6/20 8:08,5
2014/6/20 9:03,6
2014/6/20 10:12,6
2014/6/20 11:30,2
2014/6/20 12:10,43
2014/6/20 13:01,11
2014/6/20 14:04,7
2014/6/20 15:00,39
2014/6/20 16:09,8
2014/6/20 17:12,7
2014/6/20 18:10,11
2014/6/20 19:10,10
2014/6/20 20:04,14
2014/6/20 21:04,12
2014/6/20 22:01,47
2014/6/20 23:00,18
2014/6/21 0:11,5
2014/6/21 1:02,5
2014/6/21 2:01,1
2014/6/21 3:13,1
2014/6/21 4:07,2
2014/6/21 5:47,1
2014/6/21 6:24,3
2014/6/21 7:24,41
2014/6/21 8:01,7
2014/6/21 9:36,4
2014/6/21 10:01,5
2014/6/21 11:01,11
2014/6/21 12:00,25
2014/6/21 13:08,7
2014/6/21 14:06,5
2014/6/21 15:02,9
2014/6/21 16:03,8
2014/6/21 17:09,43
2014/6/21 18:01,9
2014/6/21 19:05,28
2014/6/21 20:01,17
2014/6/21 21:00,24
2014/6/21 22:04,39
2014/6/21 23:00,32
2014/6/22 0:00,13
2014/6/22 1:01,5
2014/6/22 3:20,3
2014/6/22 4:30,2
2014/6/22 5:16,1
2014/6/22 6:08,27
2014/6/22 7:00,7
2014/6/22 8:05,4
2014/6/22 9:00,6
2014/6/22 10:08,6
2014/6/22 11:00,12
2014/6/22 12:00,10
2014/6/22 13:05,14
2014/6/22 14:04,9
2014/6/22 15:00,5
2014/6/22 16:26,5
2014/6/22 17:05,10
2014/6/22 18:04,6
2014/6/22 19:19,3
2014/6/22 20:02,11
2014/6/22 21:02,12
2014/6/22 22:03,10
2014/6/22 23:05,14
2014/6/23 0:01,6
2014/6/23 1:14,5
2014/6/23 2:19,3
2014/6/23 4:16,1
2014/6/23 5:30,2
2014/6/23 6:37,3
2014/6/23 7:46,1
2014/6/23 8:10,3
2014/6/23 9:09,4
2014/6/23 10:27,1
2014/6/23 11:02,7
2014/6/23 12:07,5
2014/6/23 13:06,5
2014/6/23 14:03,4
2014/6/23 15:16,8
2014/6/23 16:12,5
2014/6/23 17:03,11
2014/6/23 18:01,16
2014/6/23 19:03,20
2014/6/23 20:00,13
2014/6/23 21:00,40
2014/6/23 22:00,30
2014/6/23 23:01,17
2014/6/24 0:02,16
2014/6/24 1:01,9
2014/6/24 2:00,2
2014/6/24 3:23,3
2014/6/24 5:19,4
2014/6/24 6:07,5
2014/6/24 7:06,2
2014/6/24 8:46,2
2014/6/24 9:00,15
2014/6/24 10:04,9
2014/6/24 11:07,4
2014/6/24 12:05,5
2014/6/24 13:01,10
2014/6/24 14:10,6
2014/6/24 15:22,6
2014/6/24 16:01,9
2014/6/24 17:05,14
2014/6/24 18:01,16
2014/6/24 19:00,11
2014/6/24 20:02,15
2014/6/24 21:01,9
2014/6/24 22:02,16
2014/6/24 23:00,16
2014/6/25 0:00,9
2014/6/25 1:09,4
2014/6/25 2:01,3
2014/6/25 3:10,1
2014/6/25 5:00,2
2014/6/25 6:11,8
2014/6/25 8:16,6
2014/6/25 9:30,2
2014/6/25 10:01,9
2014/6/25 11:02,10
2014/6/25 12:00,11
2014/6/25 13:00,8
2014/6/25 14:14,5
2014/6/25 15:58,1
2014/6/25 16:00,3
2014/6/25 17:00,8
2014/6/25 18:01,11
2014/6/25 19:05,13
2014/6/25 20:03,11
2014/6/25 21:03,8
2014/6/25 22:01,13
2014/6/25 23:07,6
2014/6/26 0:08,8
2014/6/26 1:00,7
2014/6/26 2:04,6
2014/6/26 3:21,1
2014/6/26 4:14,2
2014/6/26 5:14,3
2014/6/26 6:09,4
2014/6/26 7:21,2
2014/6/26 8:09,4
2014/6/26 9:01,4
2014/6/26 10:13,4
2014/6/26 11:21,7
2014/6/26 12:09,5
2014/6/26 13:03,5
2014/6/26 14:20,4
2014/6/26 15:10,4
2014/6/26 16:02,6
2014/6/26 17:37,5
2014/6/26 18:13,4
2014/6/26 19:15,7
2014/6/26 20:02,12
2014/6/26 21:00,16
2014/6/26 22:02,18
2014/6/26 23:01,11
2014/6/27 0:00,6
2014/6/27 1:13,4
2014/6/27 2:15,3
2014/6/27 3:17,2
2014/6/27 4:19,4
2014/6/27 5:14,1
2014/6/27 6:23,1
2014/6/27 7:34,1
2014/6/27 8:13,4
2014/6/27 9:00,4
2014/6/27 10:05,4
2014/6/27 11:02,7
2014/6/27 12:00,10
2014/6/27 13:06,6
2014/6/27 14:03,4
2014/6/27 15:10,4
2014/6/27 16:09,8
2014/6/27 17:03,4
2014/6/27 18:00,4
2014/6/27 19:01,7
2014/6/27 20:01,22
2014/6/27 21:01,10
2014/6/27 22:07,16
2014/6/27 23:05,8
2014/6/28 0:01,12
2014/6/28 1:01,7
2014/6/28 2:23,1
2014/6/28 3:38,4
2014/6/28 4:04,5
2014/6/28 6:00,3
2014/6/28 7:20,4
2014/6/28 8:12,11
2014/6/28 9:21,4
2014/6/28 10:03,3
2014/6/28 11:08,6
2014/6/28 12:02,14
2014/6/28 13:03,11
2014/6/28 14:00,15
2014/6/28 15:09,11
2014/6/28 16:05,13
2014/6/28 17:01,7
2014/6/28 18:00,15
2014/6/28 19:05,15
2014/6/28 20:00,17
2014/6/28 21:00,42
2014/6/28 22:00,21
2014/6/28 23:00,16
2014/6/29 0:06,20
2014/6/29 1:01,12
2014/6/29 2:00,3
2014/6/29 3:03,5
2014/6/29 4:54,1
2014/6/29 5:06,3
2014/6/29 6:08,2
2014/6/29 7:02,3
2014/6/29 8:20,6
2014/6/29 9:01,31
2014/6/29 10:01,35
2014/6/29 11:00,10
2014/6/29 12:06,12
2014/6/29 13:05,14
2014/6/29 14:00,7
2014/6/29 15:02,7
2014/6/29 16:15,9
2014/6/29 17:03,14
2014/6/29 18:04,10
2014/6/29 19:00,44
2014/6/29 20:07,21
2014/6/29 21:01,40
2014/6/29 22:00,15
2014/6/29 23:01,30
2014/6/30 0:00,17
2014/6/30 1:06,6
2014/6/30 2:32,2
2014/6/30 3:00,4
2014/6/30 4:03,1
2014/6/30 5:21,2
2014/6/30 6:09,3
2014/6/30 7:15,6
2014/6/30 8:03,6
2014/6/30 9:01,3
2014/6/30 10:11,6
2014/6/30 11:04,9
2014/6/30 12:01,14
2014/6/30 13:00,8
2014/6/30 14:18,2
2014/6/30 15:13,4
2014/6/30 16:05,4
2014/6/30 17:04,10
2014/6/30 18:06,22
2014/6/30 19:07,19
2014/6/30 20:00,17
2014/6/30 21:00,20
2014/6/30 22:04,31
2014/6/30 23:00,25
2014/7/1 0:00,14
2014/7/1 1:06,5
2014/7/1 2:04,4
2014/7/1 3:07,3
2014/7/1 4:09,2
2014/7/1 5:08,3
2014/7/1 6:02,7
2014/7/1 7:05,8
2014/7/1 8:00,7
2014/7/1 9:09,12
2014/7/1 10:05,3
2014/7/1 11:03,12
2014/7/1 12:08,14
2014/7/1 13:14,11
2014/7/1 14:00,12
2014/7/1 15:11,11
2014/7/1 16:08,5
2014/7/1 17:13,15
2014/7/1 18:04,16
2014/7/1 19:06,13
2014/7/1 20:03,14
2014/7/1 21:01,10
2014/7/1 22:01,32
2014/7/1 23:00,33
2014/7/2 0:03,14
2014/7/2 1:00,7
2014/7/2 2:11,7
2014/7/2 3:02,3
2014/7/2 5:32,1
2014/7/2 6:08,5
2014/7/2 7:04,8
2014/7/2 8:30,5
2014/7/2 9:02,6
2014/7/2 10:00,12
2014/7/2 11:02,11
2014/7/2 12:02,17
2014/7/2 13:05,7
2014/7/2 14:08,9
2014/7/2 15:03,13
2014/7/2 16:17,10
2014/7/2 17:03,15
2014/7/2 18:19,8
2014/7/2 19:16,13
2014/7/2 20:00,32
2014/7/2 21:03,27
2014/7/2 22:04,20
2014/7/2 23:00,19
2014/7/3 0:07,10
2014/7/3 1:06,6
2014/7/3 2:17,3
2014/7/3 3:01,4
2014/7/3 4:48,1
2014/7/3 5:00,5
2014/7/3 6:00,7
2014/7/3 7:20,7
2014/7/3 8:02,9
2014/7/3 9:08,7
2014/7/3 10:14,7
2014/7/3 11:16,10
2014/7/3 12:15,12
2014/7/3 13:04,8
2014/7/3 14:01,5
2014/7/3 15:00,7
2014/7/3 16:03,11
2014/7/3 17:00,19
2014/7/3 18:00,11
2014/7/3 19:03,15
2014/7/3 20:00,18
2014/7/3 21:00,31
2014/7/3 22:00,23
2014/7/3 23:00,19
2014/7/4 0:07,13
2014/7/4 1:02,4
2014/7/4 2:34,2
2014/7/4 3:00,6
2014/7/4 4:26,4
2014/7/4 5:28,4
2014/7/4 6:05,5
2014/7/4 7:13,4
2014/7/4 8:00,17
2014/7/4 9:01,12
2014/7/4 10:13,13
2014/7/4 11:01,8
2014/7/4 12:00,14
2014/7/4 13:00,15
2014/7/4 14:02,16
2014/7/4 15:04,11
2014/7/4 16:10,13
2014/7/4 17:04,11
2014/7/4 18:00,16
2014/7/4 19:04,16
2014/7/4 20:00,13
2014/7/4 21:03,19
2014/7/4 22:00,21
2014/7/4 23:03,13
2014/7/5 0:00,9
2014/7/5 1:00,7
2014/7/5 2:02,4
2014/7/5 3:15,2
2014/7/5 4:00,4
2014/7/5 5:02,4
2014/7/5 6:09,6
2014/7/5 7:21,3
2014/7/5 8:02,4
2014/7/5 9:19,6
2014/7/5 10:00,9
2014/7/5 11:02,8
2014/7/5 12:00,6
2014/7/5 13:01,9
2014/7/5 14:02,14
2014/7/5 15:01,13
2014/7/5 16:04,14
2014/7/5 17:08,12
2014/7/5 18:38,5
2014/7/5 19:03,4
2014/7/5 20:00,22
2014/7/5 21:00,19
2014/7/5 22:00,25
2014/7/5 23:00,16
2014/7/6 0:00,16
2014/7/6 1:05,8
2014/7/6 2:19,2
2014/7/6 3:09,3
2014/7/6 4:12,2
2014/7/6 5:14,2
2014/7/6 6:04,3
2014/7/6 7:08,9
2014/7/6 8:07,7
2014/7/6 9:00,10
2014/7/6 10:00,17
2014/7/6 11:01,14
2014/7/6 12:00,14
2014/7/6 13:03,12
2014/7/6 14:00,12
2014/7/6 15:01,14
2014/7/6 16:02,7
2014/7/6 17:06,16
2014/7/6 18:03,20
2014/7/6 19:00,14
2014/7/6 20:00,30
2014/7/6 21:00,16
2014/7/6 22:03,23
2014/7/6 23:00,20
2014/7/7 0:02,15
2014/7/7 1:08,6
2014/7/7 2:11,3
2014/7/7 3:32,2
2014/7/7 4:07,1
2014/7/7 5:20,5
2014/7/7 6:09,7
2014/7/7 7:02,9
2014/7/7 8:03,8
2014/7/7 9:03,9
2014/7/7 10:02,8
2014/7/7 11:04,14
2014/7/7 12:03,30
2014/7/7 13:00,19
2014/7/7 14:10,11
2014/7/7 15:02,16
2014/7/7 16:02,12
2014/7/7 17:05,23
2014/7/7 18:00,14
2014/7/7 19:04,16
2014/7/7 20:02,21
2014/7/7 21:05,22
2014/7/7 22:00,16
2014/7/7 23:01,22
2014/7/8 0:00,17
2014/7/8 1:04,13
2014/7/8 2:09,5
2014/7/8 3:00,3
2014/7/8 4:04,4
2014/7/8 5:00,7
2014/7/8 6:12,5
2014/7/8 7:01,6
2014/7/8 8:00,9
2014/7/8 9:00,6
2014/7/8 10:04,8
2014/7/8 11:00,12
2014/7/8 12:19,14
2014/7/8 13:00,19
2014/7/8 14:12,3
2014/7/8 15:00,11
2014/7/8 16:01,9
2014/7/8 17:04,8
2014/7/8 18:03,11
2014/7/8 19:07,11
2014/7/8 20:00,23
2014/7/8 21:00,23
2014/7/8 22:00,27
2014/7/8 23:00,14
2014/7/9 0:08,15
2014/7/9 1:08,15
2014/7/9 2:02,10
2014/7/9 3:04,5
2014/7/9 4:02,7
2014/7/9 5:08,1
2014/7/9 7:00,8
2014/7/9 8:07,10
2014/7/9 9:00,5
2014/7/9 10:00,7
2014/7/9 11:04,14
2014/7/9 12:04,23
2014/7/9 13:00,10
2014/7/9 14:04,14
2014/7/9 15:07,9
2014/7/9 16:02,23
2014/7/9 17:06,18
2014/7/9 18:01,8
2014/7/9 19:01,13
2014/7/9 20:02,17
2014/7/9 21:06,23
2014/7/9 22:00,25
2014/7/9 23:00,22
2014/7/10 0:00,10
2014/7/10 1:11,8
2014/7/10 2:12,4
2014/7/10 3:03,4
2014/7/10 4:44,1
2014/7/10 5:05,3
2014/7/10 6:00,5
2014/7/10 7:00,12
2014/7/10 8:07,9
2014/7/10 9:04,7
2014/7/10 10:01,5
2014/7/10 11:00,16
2014/7/10 12:06,12
2014/7/10 13:00,10
2014/7/10 14:04,9
2014/7/10 15:06,16
2014/7/10 16:18,7
2014/7/10 17:06,13
2014/7/10 18:01,18
2014/7/10 19:00,20
2014/7/10 20:01,15
2014/7/10 21:00,24
2014/7/10 22:08,21
2014/7/10 23:06,14
2014/7/11 0:00,21
2014/7/11 1:06,13
2014/7/11 2:04,4
2014/7/11 4:07,3
2014/7/11 5:25,4
2014/7/11 6:00,8
2014/7/11 7:12,6
2014/7/11 8:20,6
2014/7/11 9:04,9
2014/7/11 10:16,6
2014/7/11 11:13,10
2014/7/11 12:09,8
2014/7/11 13:13,6
2014/7/11 14:01,8
2014/7/11 15:00,10
2014/7/11 16:01,13
2014/7/11 17:04,10
2014/7/11 18:00,9
2014/7/11 19:10,8
2014/7/11 20:06,14
2014/7/11 21:01,22
2014/7/11 22:00,28
2014/7/11 23:11,17
2014/7/12 0:00,35
2014/7/12 1:03,9
2014/7/12 2:18,4
2014/7/12 3:14,4
2014/7/12 4:37,5
2014/7/12 5:00,4
2014/7/12 6:10,6
2014/7/12 7:00,11
2014/7/12 8:05,17
2014/7/12 9:10,10
2014/7/12 10:00,15
2014/7/12 11:00,11
2014/7/12 12:01,16
2014/7/12 13:10,10
2014/7/12 14:01,8
2014/7/12 15:03,9
2014/7/12 16:18,7
2014/7/12 17:00,12
2014/7/12 18:06,18
2014/7/12 19:07,15
2014/7/12 20:00,24
2014/7/12 21:02,18
2014/7/12 22:02,24
2014/7/12 23:01,12
2014/7/13 0:00,12
2014/7/13 1:00,10
2014/7/13 2:00,6
2014/7/13 3:08,5
2014/7/13 4:08,6
2014/7/13 5:12,2
2014/7/13 6:08,7
2014/7/13 7:20,3
2014/7/13 8:00,16
2014/7/13 9:18,9
2014/7/13 10:09,10
2014/7/13 11:01,16
2014/7/13 12:19,7
2014/7/13 13:00,12
2014/7/13 14:00,19
2014/7/13 15:01,12
2014/7/13 16:04,18
2014/7/13 17:05,8
2014/7/13 18:01,8
2014/7/13 19:00,9
2014/7/13 20:01,15
2014/7/13 21:13,16
2014/7/13 22:00,17
2014/7/13 23:00,29
2014/7/14 0:00,19
2014/7/14 1:02,9
2014/7/14 2:02,4
2014/7/14 3:15,3
2014/7/14 4:00,5
2014/7/14 5:03,7
2014/7/14 6:08,8
2014/7/14 7:01,11
2014/7/14 8:02,14
2014/7/14 9:00,15
2014/7/14 10:00,10
2014/7/14 11:10,10
2014/7/14 12:02,22
2014/7/14 13:00,33
2014/7/14 14:02,65
2014/7/14 15:02,22
2014/7/14 16:01,22
2014/7/14 17:04,41
2014/7/14 18:05,28
2014/7/14 19:01,30
2014/7/14 20:01,393
2014/7/14 21:00,93
2014/7/14 22:00,80
2014/7/14 23:00,177
2014/7/15 0:01,143
2014/7/15 1:00,50
2014/7/15 2:03,22
2014/7/15 3:05,11
2014/7/15 4:07,9
2014/7/15 5:08,22
2014/7/15 6:01,87
2014/7/15 7:00,236
2014/7/15 8:00,216
2014/7/15 9:00,167
2014/7/15 10:00,176
2014/7/15 11:00,135
2014/7/15 12:00,304
2014/7/15 13:00,253
2014/7/15 14:00,198
2014/7/15 15:00,115
2014/7/15 16:00,152
2014/7/15 17:00,146
2014/7/15 18:00,187
2014/7/15 19:00,161
2014/7/15 20:00,149
2014/7/15 21:00,180
2014/7/15 22:00,194
2014/7/15 23:00,180
2014/7/16 0:01,92
2014/7/16 1:00,35
2014/7/16 2:00,24
2014/7/16 3:00,9
2014/7/16 4:02,4
2014/7/16 5:00,12
2014/7/16 6:00,15
2014/7/16 7:03,32
2014/7/16 8:00,38
2014/7/16 9:00,45
2014/7/16 10:00,65
2014/7/16 11:00,41
2014/7/16 12:01,58
2014/7/16 13:00,44
2014/7/16 14:00,47
2014/7/16 15:03,58
2014/7/16 16:00,28
2014/7/16 17:01,64
2014/7/16 18:00,54
2014/7/16 19:01,53
2014/7/16 20:04,56
2014/7/16 21:02,72
2014/7/16 22:00,80
2014/7/16 23:00,53
2014/7/17 0:00,27
2014/7/17 1:02,15
2014/7/17 2:02,15
2014/7/17 3:00,10
2014/7/17 4:00,6
2014/7/17 5:00,5
2014/7/17 6:31,10
2014/7/17 7:05,20
2014/7/17 8:00,18
2014/7/17 9:02,14
2014/7/17 10:06,25
2014/7/17 11:04,21
2014/7/17 12:00,22
2014/7/17 13:01,23
2014/7/17 14:04,22
2014/7/17 15:04,15
2014/7/17 16:11,18
2014/7/17 17:04,28
2014/7/17 18:01,29
2014/7/17 19:02,26
2014/7/17 20:03,28
2014/7/17 21:01,38
2014/7/17 22:01,33
2014/7/17 23:00,29
2014/7/18 0:02,20
2014/7/18 1:07,19
2014/7/18 2:00,8
2014/7/18 3:01,10
2014/7/18 4:00,11
2014/7/18 5:08,4
2014/7/18 6:10,7
2014/7/18 7:00,16
2014/7/18 8:01,18
2014/7/18 9:02,15
2014/7/18 10:08,23
2014/7/18 11:05,22
2014/7/18 12:02,26
2014/7/18 13:01,17
2014/7/18 14:15,12
2014/7/18 15:00,19
2014/7/18 16:00,24
2014/7/18 17:00,21
2014/7/18 18:00,31
2014/7/18 19:00,30
2014/7/18 20:00,33
2014/7/18 21:00,55
2014/7/18 22:02,41
2014/7/18 23:01,36
2014/7/19 0:03,23
2014/7/19 1:02,14
2014/7/19 2:04,23
2014/7/19 3:02,3
2014/7/19 4:01,6
2014/7/19 5:00,11
2014/7/19 6:07,7
2014/7/19 7:07,40
2014/7/19 8:01,42
2014/7/19 9:04,31
2014/7/19 10:00,41
2014/7/19 11:02,28
2014/7/19 12:00,27
2014/7/19 13:00,38
2014/7/19 14:03,14
2014/7/19 15:00,17
2014/7/19 16:00,12
2014/7/19 17:00,17
2014/7/19 18:07,29
2014/7/19 19:03,64
2014/7/19 20:00,34
2014/7/19 21:00,72
2014/7/19 22:00,45
2014/7/19 23:01,54
2014/7/20 0:00,35
2014/7/20 1:03,20
2014/7/20 2:12,5
2014/7/20 3:04,9
2014/7/20 4:11,6
2014/7/20 5:04,7
2014/7/20 6:00,10
2014/7/20 7:00,12
2014/7/20 8:00,17
2014/7/20 9:06,51
2014/7/20 10:00,30
2014/7/20 11:04,19
2014/7/20 12:00,28
2014/7/20 13:00,11
2014/7/20 14:03,16
2014/7/20 15:00,18
2014/7/20 16:00,25
2014/7/20 17:00,17
2014/7/20 18:00,25
2014/7/20 19:00,42
2014/7/20 20:00,29
2014/7/20 21:00,24
2014/7/20 22:03,25
2014/7/20 23:02,24
2014/7/21 0:02,33
2014/7/21 1:04,7
2014/7/21 2:07,9
2014/7/21 3:09,14
2014/7/21 4:00,9
2014/7/21 5:06,8
2014/7/21 6:02,9
2014/7/21 7:04,15
2014/7/21 8:00,15
2014/7/21 9:00,28
2014/7/21 10:01,17
2014/7/21 11:02,23
2014/7/21 12:00,15
2014/7/21 13:19,10
2014/7/21 14:01,16
2014/7/21 15:00,13
2014/7/21 16:03,23
2014/7/21 17:05,17
2014/7/21 18:11,14
2014/7/21 19:04,22
2014/7/21 20:00,27
2014/7/21 21:01,40
2014/7/21 22:01,26
2014/7/21 23:06,25
2014/7/22 0:00,22
2014/7/22 1:12,7
2014/7/22 2:08,9
2014/7/22 3:10,6
2014/7/22 4:04,5
2014/7/22 5:28,4
2014/7/22 6:08,9
2014/7/22 7:00,11
2014/7/22 8:12,11
2014/7/22 9:04,15
2014/7/22 10:00,7
2014/7/22 11:07,10
2014/7/22 12:01,33
2014/7/22 13:00,24
2014/7/22 14:00,12
2014/7/22 15:04,11
2014/7/22 16:01,12
2014/7/22 17:00,15
2014/7/22 18:01,24
2014/7/22 19:02,13
2014/7/22 20:08,15
2014/7/22 21:00,28
2014/7/22 22:01,29
2014/7/22 23:00,23
2014/7/23 0:05,13
2014/7/23 1:00,9
2014/7/23 2:01,9
2014/7/23 3:06,5
2014/7/23 4:00,6
2014/7/23 5:29,2
2014/7/23 6:02,7
2014/7/23 7:01,14
2014/7/23 8:04,14
2014/7/23 9:00,11
2014/7/23 10:10,12
2014/7/23 11:00,11
2014/7/23 12:04,23
2014/7/23 13:00,17
2014/7/23 14:03,15
2014/7/23 15:03,12
2014/7/23 16:03,12
2014/7/23 17:03,20
2014/7/23 18:02,25
2014/7/23 19:01,12
2014/7/23 20:00,23
2014/7/23 21:03,18
2014/7/23 22:00,21
2014/7/23 23:03,19
2014/7/24 0:05,15
2014/7/24 1:08,7
2014/7/24 2:05,10
2014/7/24 3:00,13
2014/7/24 4:02,6
2014/7/24 5:08,10
2014/7/24 6:15,4
2014/7/24 7:10,17
2014/7/24 8:00,29
2014/7/24 9:16,11
2014/7/24 10:05,7
2014/7/24 11:05,12
2014/7/24 13:28,9
2014/7/24 14:00,12
2014/7/24 15:00,15
2014/7/24 16:04,11
2014/7/24 17:05,16
2014/7/24 18:02,26
2014/7/24 19:01,19
2014/7/24 20:00,29
2014/7/24 21:00,29
2014/7/24 22:00,18
2014/7/24 23:05,32
2014/7/25 0:05,19
2014/7/25 1:05,14
2014/7/25 2:02,9
2014/7/25 3:01,8
2014/7/25 4:11,7
2014/7/25 5:01,10
2014/7/25 6:16,7
2014/7/25 7:03,11
2014/7/25 8:00,13
2014/7/25 9:01,14
2014/7/25 10:08,13
2014/7/25 11:00,20
2014/7/25 12:00,25
2014/7/25 13:00,17
2014/7/25 14:02,22
2014/7/25 15:04,20
2014/7/25 16:04,26
2014/7/25 17:04,20
2014/7/25 18:00,12
2014/7/25 19:01,16
2014/7/25 20:01,31
2014/7/25 21:01,71
2014/7/25 22:00,86
2014/7/25 23:00,64
2014/7/26 0:01,40
2014/7/26 1:02,19
2014/7/26 2:00,9
2014/7/26 3:00,7
2014/7/26 4:08,8
2014/7/26 5:24,7
2014/7/26 6:09,13
2014/7/26 7:01,7
2014/7/26 8:00,13
2014/7/26 9:01,15
2014/7/26 10:02,14
2014/7/26 11:00,22
2014/7/26 12:04,15
2014/7/26 13:01,14
2014/7/26 14:00,13
2014/7/26 15:05,18
2014/7/26 16:04,17
2014/7/26 17:08,47
2014/7/26 18:00,27
2014/7/26 19:02,16
2014/7/26 20:00,31
2014/7/26 21:00,29
2014/7/26 22:04,29
2014/7/26 23:09,20
2014/7/27 0:00,24
2014/7/27 1:00,12
2014/7/27 2:00,13
2014/7/27 3:00,10
2014/7/27 4:15,7
2014/7/27 5:00,10
2014/7/27 6:07,10
2014/7/27 7:09,12
2014/7/27 8:00,11
2014/7/27 9:02,18
2014/7/27 10:02,12
2014/7/27 11:01,19
2014/7/27 12:00,21
2014/7/27 13:04,22
2014/7/27 14:00,16
2014/7/27 15:00,15
2014/7/27 16:00,21
2014/7/27 17:00,24
2014/7/27 18:08,19
2014/7/27 19:00,21
2014/7/27 20:00,27
2014/7/27 21:00,25
2014/7/27 22:02,23
2014/7/27 23:00,35
2014/7/28 0:01,22
2014/7/28 1:00,18
2014/7/28 2:04,4
2014/7/28 3:04,7
2014/7/28 4:04,14
2014/7/28 5:00,7
2014/7/28 6:04,9
2014/7/28 7:22,8
2014/7/28 8:00,20
2014/7/28 9:00,18
2014/7/28 10:03,20
2014/7/28 11:00,19
2014/7/28 12:01,27
2014/7/28 13:07,18
2014/7/28 14:04,17
2014/7/28 15:03,22
2014/7/28 16:00,31
2014/7/28 17:00,16
2014/7/28 18:04,18
2014/7/28 19:00,20
2014/7/28 20:00,26
2014/7/28 21:00,49
2014/7/28 22:00,21
2014/7/28 23:01,30
2014/7/29 0:03,19
2014/7/29 1:00,23
2014/7/29 2:00,9
2014/7/29 3:16,13
2014/7/29 4:00,11
2014/7/29 5:08,12
2014/7/29 6:20,3
2014/7/29 7:01,14
2014/7/29 8:04,12
2014/7/29 9:01,15
2014/7/29 10:00,29
2014/7/29 11:00,21
2014/7/29 12:04,11
2014/7/29 13:04,14
2014/7/29 14:04,33
2014/7/29 15:00,22
2014/7/29 16:00,17
2014/7/29 17:00,27
2014/7/29 18:04,15
2014/7/29 19:00,36
2014/7/29 20:00,35
2014/7/29 21:02,44
2014/7/29 22:08,37
2014/7/29 23:01,14
2014/7/30 0:00,32
2014/7/30 1:00,23
2014/7/30 2:01,8
2014/7/30 3:02,14
2014/7/30 4:00,9
2014/7/30 5:00,11
2014/7/30 6:00,4
2014/7/30 7:00,20
2014/7/30 8:00,14
2014/7/30 9:08,13
2014/7/30 10:04,16
2014/7/30 11:06,14
2014/7/30 12:03,25
2014/7/30 13:00,16
2014/7/30 14:00,14
2014/7/30 15:00,24
2014/7/30 16:04,17
2014/7/30 17:01,18
2014/7/30 18:00,22
2014/7/30 19:02,19
2014/7/30 20:00,24
2014/7/30 21:02,15
2014/7/30 22:03,29
2014/7/30 23:02,28
2014/7/31 0:00,16
2014/7/31 1:08,10
2014/7/31 2:00,22
2014/7/31 3:04,8
2014/7/31 4:08,6
2014/7/31 5:01,9
2014/7/31 6:03,7
2014/7/31 7:04,8
2014/7/31 8:01,34
2014/7/31 9:01,40
2014/7/31 10:00,46
2014/7/31 11:00,42
2014/7/31 12:00,49
2014/7/31 13:00,42
2014/7/31 14:00,35
2014/7/31 15:01,33
2014/7/31 16:00,37
2014/7/31 17:04,30
2014/7/31 18:00,43
2014/7/31 19:00,35
2014/7/31 20:03,38
2014/7/31 21:01,31
2014/7/31 22:00,29
2014/7/31 23:00,36
2014/8/1 0:00,16
2014/8/1 1:00,4
2014/8/1 2:07,13
2014/8/1 3:03,7
2014/8/1 4:06,8
2014/8/1 5:21,4
2014/8/1 6:04,7
2014/8/1 7:10,14
2014/8/1 8:00,19
2014/8/1 9:07,17
2014/8/1 10:00,8
2014/8/1 11:00,18
2014/8/1 12:00,25
2014/8/1 13:00,11
2014/8/1 14:00,16
2014/8/1 15:05,15
2014/8/1 16:02,14
2014/8/1 17:01,16
2014/8/1 18:00,14
2014/8/1 19:00,16
2014/8/1 20:03,28
2014/8/1 21:02,15
2014/8/1 22:00,17
2014/8/1 23:01,27
2014/8/2 0:01,12
2014/8/2 1:00,5
2014/8/2 2:01,9
2014/8/2 3:29,3
2014/8/2 4:50,1
2014/8/2 5:06,2
2014/8/2 6:06,3
2014/8/2 7:01,14
2014/8/2 8:04,14
2014/8/2 9:03,14
2014/8/2 10:10,6
2014/8/2 11:07,13
2014/8/2 12:00,14
2014/8/2 13:00,12
2014/8/2 14:00,12
2014/8/2 15:00,17
2014/8/2 16:03,19
2014/8/2 17:00,18
2014/8/2 18:01,24
2014/8/2 19:01,15
2014/8/2 20:00,17
2014/8/2 21:03,26
2014/8/2 22:00,19
2014/8/2 23:00,22
2014/8/3 0:10,9
2014/8/3 1:03,11
2014/8/3 2:03,5
2014/8/3 3:06,8
2014/8/3 4:09,5
2014/8/3 5:03,5
2014/8/3 6:02,13
2014/8/3 7:10,11
2014/8/3 8:05,15
2014/8/3 9:00,12
2014/8/3 10:01,9
2014/8/3 11:00,18
2014/8/3 12:18,5
2014/8/3 13:00,10
2014/8/3 14:00,11
2014/8/3 15:00,13
2014/8/3 16:00,17
2014/8/3 17:19,12
2014/8/3 18:00,11
2014/8/3 19:01,23
2014/8/3 20:00,43
2014/8/3 21:05,26
2014/8/3 22:02,22
2014/8/3 23:01,25
2014/8/4 0:02,10
2014/8/4 1:08,8
2014/8/4 2:02,8
2014/8/4 3:03,8
2014/8/4 4:21,5
2014/8/4 5:08,3
2014/8/4 6:17,6
2014/8/4 7:02,9
2014/8/4 8:00,13
2014/8/4 9:05,13
2014/8/4 10:07,9
2014/8/4 11:00,19
2014/8/4 12:04,15
2014/8/4 13:03,12
2014/8/4 14:14,14
2014/8/4 15:05,14
2014/8/4 16:01,17
2014/8/4 17:01,12
2014/8/4 18:07,15
2014/8/4 19:03,17
2014/8/4 20:01,14
2014/8/4 21:12,19
2014/8/4 22:00,20
2014/8/4 23:00,19
2014/8/5 0:03,15
2014/8/5 1:02,11
2014/8/5 2:06,5
2014/8/5 3:10,6
2014/8/5 4:08,7
2014/8/5 5:03,3
2014/8/5 6:19,10
2014/8/5 7:13,7
2014/8/5 8:02,11
2014/8/5 9:04,7
2014/8/5 10:01,7
2014/8/5 11:06,12
2014/8/5 12:00,14
2014/8/5 13:01,9
2014/8/5 14:00,17
2014/8/5 15:00,21
2014/8/5 16:02,27
2014/8/5 17:04,43
2014/8/5 18:01,52
2014/8/5 19:00,62
2014/8/5 20:00,47
2014/8/5 21:02,42
2014/8/5 22:00,43
2014/8/5 23:00,22
2014/8/6 0:03,28
2014/8/6 1:10,18
2014/8/6 2:00,5
2014/8/6 3:03,7
2014/8/6 4:20,4
2014/8/6 5:07,5
2014/8/6 6:04,7
2014/8/6 7:00,5
2014/8/6 8:09,9
2014/8/6 9:04,36
2014/8/6 10:02,15
2014/8/6 11:02,24
2014/8/6 12:00,14
2014/8/6 13:05,16
2014/8/6 14:00,16
2014/8/6 15:06,15
2014/8/6 16:12,15
2014/8/6 17:02,22
2014/8/6 18:10,22
2014/8/6 19:00,19
2014/8/6 20:00,41
2014/8/6 21:04,22
2014/8/6 22:02,32
2014/8/6 23:00,29
2014/8/7 0:08,18
2014/8/7 1:04,15
2014/8/7 2:04,8
2014/8/7 3:18,4
2014/8/7 4:18,4
2014/8/7 5:00,7
2014/8/7 6:00,6
2014/8/7 7:28,3
2014/8/7 8:01,10
2014/8/7 9:01,12
2014/8/7 10:00,16
2014/8/7 11:05,9
2014/8/7 12:02,19
2014/8/7 13:02,6